{"schemaVersion":"1.0","appDefinitionTemplate":{"id":"/providers/Microsoft.PowerApps/apps/","type":"Microsoft.PowerApps/apps","tags":{"primaryDeviceWidth":"1366","primaryDeviceHeight":"768","supportsPortrait":"true","supportsLandscape":"true","primaryFormFactor":"Tablet","showStatusBar":"false","publisherVersion":"3.25083.8","minimumRequiredApiVersion":"2.2.0","hasComponent":"false","hasUnlockedComponent":"false","isUnifiedRootApp":"false","sienaVersion":"20250902T160647Z-3.25083.8.0"},"properties":{"appVersion":"2025-09-02T16:06:47Z","lifeCycleId":"Published","createdByClientVersion":{"major":3,"minor":25083,"build":8,"revision":0,"majorRevision":0,"minorRevision":0},"minClientVersion":{"major":3,"minor":25083,"build":8,"revision":0,"majorRevision":0,"minorRevision":0},"backgroundColor":"RGBA(0,176,240,1)","backgroundImageUri":"/14487523316250644581/N79d4b105-a38c-4c22-9827-2b4e09f21bef-logoSmallFile","displayName":"Portal_Solicitudes","description":"","commitMessage":"","appUris":{"documentUri":{"value":"/14487523316250644581/N87510aa8-aede-4631-969b-65f75157389a-document.msapp"},"imageUris":[],"additionalUris":[{"isSolutionAware":false,"value":"/14487523316250644581/Nca885fe3-156b-41a5-973d-ce0b250c11b3-identity.json"}]},"createdTime":"0001-01-01T00:00:00Z","lastModifiedTime":"0001-01-01T00:00:00Z","sharedGroupsCount":0,"sharedUsersCount":0,"connectionReferences":{"b16d10f8-daf0-4125-b0ad-dae4b2eff28e":{"id":"2253e56c-2a7d-438a-aa45-d385e5822fe8","displayName":"SharePoint","iconUri":"https://conn-afd-prod-endpoint-bmc9bqahasf3grgk.b01.azurefd.net/v1.0.1762/1.0.1762.4298/sharepointonline/icon.png","dataSources":["L_Admin","L_Sugerencias","L_Solicitud","L_Prioridad","L_Categoria"],"dependencies":[],"dependents":[],"parameterHints":{},"parameterHintsV2":{},"isOnPremiseConnection":false,"bypassConsent":false,"dataSets":{"https://fundacionweperu.sharepoint.com/sites/PowerPlataform_WE":{"dataSources":{"L_Admin":{"tableName":"5c63adc2-a2ca-4236-ab31-0212edb16861"},"L_Sugerencias":{"tableName":"99e3d6db-d956-4b38-9464-99c3d7674514"},"L_Solicitud":{"tableName":"b3db072a-2f6f-4efb-9c05-d16aca4b84bc"},"L_Prioridad":{"tableName":"5d7077bc-17f0-4907-b444-25765846c8b6"},"L_Categoria":{"tableName":"aa78eb7d-9940-4072-a986-1cd8b6bd4381"}}}},"apiTier":"Standard","isCustomApiConnection":false,"actions":["providers/PowerPlatform.Governance/Operations/Read","providers/PowerPlatform.Governance/Operations/Write"]}},"databaseReferences":{},"almMode":"Environment","performanceOptimizationEnabled":true,"canConsumeAppPass":true,"enableModernRuntimeMode":false,"executionRestrictions":{"isTeamsOnly":false,"dataLossPreventionEvaluationResult":{"status":"Compliant","lastEvaluationDate":"2025-08-20T22:25:33.7088831Z","violations":[],"violationsByPolicy":[],"violationErrorMessage":"La aplicación usa los siguientes conectores: ."}}},"isAppComponentLibrary":false,"appType":"ClassicCanvasApp","appComponents":[]}}